date,restaurant_id,guests,revenue
2024-10-01,1,141,211521.14
2024-10-02,1,153,232758.36
2024-10-03,1,127,183959.97
2024-10-04,1,202,301649.81
2024-10-05,1,187,258959.35
2024-10-06,1,133,200852.42
2024-10-07,1,0,0.0
2024-10-08,1,127,188346.1
2024-10-09,1,138,190941.34
2024-10-10,1,157,247432.42
2024-10-11,1,200,305518.01
2024-10-12,1,216,312449.47
2024-10-13,1,134,198199.66
2024-10-14,1,107,148897.85
2024-10-15,1,122,173853.96
2024-10-16,1,134,195667.02
2024-10-17,1,127,202567.51
2024-10-18,1,175,254239.29
2024-10-19,1,199,308209.77
2024-10-20,1,141,205883.24
2024-10-21,1,131,198951.25
2024-10-22,1,122,181710.79
2024-10-23,1,140,219370.12
2024-10-24,1,129,188394.27
2024-10-25,1,197,273155.83
2024-10-26,1,208,291169.55
2024-10-27,1,131,191343.18
2024-10-28,1,104,146555.33
2024-10-29,1,130,199040.87
2024-10-30,1,134,196373.12
2024-10-31,1,143,241541.2
2024-11-01,1,185,254406.96
2024-11-02,1,184,278824.49
2024-11-03,1,145,205573.0
2024-11-04,1,0,0.0
2024-11-05,1,116,175234.71
2024-11-06,1,132,176266.75
2024-11-07,1,143,217055.06
2024-11-08,1,194,320047.25
2024-11-09,1,204,299140.45
2024-11-10,1,116,176275.07
2024-11-11,1,102,161045.03
2024-11-12,1,120,178530.45
2024-11-13,1,122,177760.68
2024-11-14,1,131,175366.07
2024-11-15,1,200,309770.6
2024-11-16,1,205,305764.95
2024-11-17,1,126,179668.38
2024-11-18,1,97,146423.91
2024-11-19,1,119,173365.93
2024-11-20,1,121,176767.33
2024-11-21,1,122,188632.51
2024-11-22,1,187,262343.47
2024-11-23,1,188,297160.63
2024-11-24,1,130,181837.83
2024-11-25,1,95,137855.62
2024-11-26,1,114,188257.53
2024-11-27,1,110,174567.8
2024-11-28,1,136,204997.99
2024-11-29,1,179,256165.68
2024-11-30,1,224,327224.85
2024-12-01,1,136,204748.78
2024-12-02,1,0,0.0
2024-12-03,1,140,209048.02
2024-12-04,1,125,187211.17
2024-12-05,1,127,188468.98
2024-12-06,1,172,240053.22
2024-12-07,1,202,295275.04
2024-12-08,1,111,174291.03
2024-12-09,1,96,134477.46
2024-12-10,1,111,164929.4
2024-12-11,1,132,190048.51
2024-12-12,1,115,173463.08
2024-12-13,1,162,238323.69
2024-12-14,1,189,305234.95
2024-12-15,1,169,260002.95
2024-12-16,1,132,185429.89
2024-12-17,1,139,215616.3
2024-12-18,1,146,210679.74
2024-12-19,1,149,217144.19
2024-12-20,1,213,324552.8
2024-12-21,1,255,373210.01
2024-12-22,1,173,271347.28
2024-12-23,1,138,199137.05
2024-12-24,1,156,226869.23
2024-12-25,1,150,217735.68
2024-12-26,1,173,252263.65
2024-12-27,1,244,386678.23
2024-12-28,1,211,326608.78
2024-12-29,1,140,228744.29
2024-12-30,1,141,236892.68
2024-12-31,1,196,279232.26
2025-01-01,1,74,111391.52
2025-01-02,1,140,198006.04
2025-01-03,1,187,269803.37
2025-01-04,1,231,335753.98
2025-01-05,1,137,194919.82
2025-01-06,1,0,0.0
2025-01-07,1,125,186152.2
2025-01-08,1,171,241360.76
2025-01-09,1,124,193999.0
2025-01-10,1,163,233533.99
2025-01-11,1,191,329711.16
2025-01-12,1,110,161317.79
2025-01-13,1,130,195703.44
2025-01-14,1,116,163087.72
2025-01-15,1,136,222165.94
2025-01-16,1,121,191949.19
2025-01-17,1,176,267948.53
2025-01-18,1,190,266439.99
2025-01-19,1,120,181906.02
2025-01-20,1,115,163093.83
2025-01-21,1,116,187199.16
2025-01-22,1,115,179622.42
2025-01-23,1,143,215526.03
2025-01-24,1,148,196538.55
2025-01-25,1,170,242764.72
2025-01-26,1,118,183192.55
2025-01-27,1,129,205597.77
2025-01-28,1,111,175994.69
2025-01-29,1,109,150989.81
2025-01-30,1,108,164461.08
2025-01-31,1,145,228828.91
2025-02-01,1,195,269225.12
2025-02-02,1,119,178429.47
2025-02-03,1,0,0.0
2025-02-04,1,110,162537.26
2025-02-05,1,128,175017.73
2025-02-06,1,107,157907.44
2025-02-07,1,176,259714.73
2025-02-07,1,176,259714.73
2025-02-08,1,205,305231.79
2025-02-09,1,146,212916.09
2025-02-10,1,122,178991.0
2025-02-11,1,129,193116.22
2025-02-12,1,128,196294.9
2025-02-13,1,148,218646.45
2025-02-14,1,277,407076.11
2025-02-16,1,127,173054.47
2025-02-17,1,105,161301.81
2025-02-18,1,117,175495.06
2025-02-19,1,124,186369.52
2025-02-20,1,155,243941.13
2025-02-21,1,172,233999.46
2025-02-22,1,210,285396.93
2025-02-23,1,180,273721.77
2025-02-24,1,119,178436.49
2025-02-25,1,130,196666.3
2025-02-26,1,136,199340.34
2025-02-27,1,122,189180.93
2025-02-28,1,160,251456.71
2025-03-01,1,209,321178.96
2025-03-02,1,141,208759.65
2025-03-03,1,0,0.0
2025-03-04,1,127,197969.7
2025-03-05,1,135,215255.63
2025-03-06,1,141,218427.23
2025-03-07,1,182,261253.1
2025-03-08,1,352,546091.2
2025-03-09,1,132,206705.18
2025-03-10,1,138,223779.14
2025-03-11,1,110,157928.12
2025-03-12,1,138,204669.41
2025-03-13,1,151,235122.94
2025-03-14,1,179,269271.84
2025-03-15,1,212,300721.62
2025-03-16,1,130,199084.7
2025-03-17,1,107,165211.59
2025-03-18,1,149,224485.15
2025-03-19,1,131,198669.31
2025-03-20,1,145,214704.69
2025-03-21,1,201,324629.32
2025-03-22,1,199,285355.37
2025-03-23,1,120,174790.97
2025-03-24,1,126,189103.84
2025-03-25,1,132,206895.69
2025-03-26,1,150,208769.7
2025-03-27,1,144,202302.39
2025-03-28,1,183,247909.77
2025-03-29,1,220,330539.91
2025-03-30,1,131,185814.18
2025-03-31,1,129,189815.02
2025-04-01,1,113,175198.89
2025-04-02,1,125,181580.98
2025-04-03,1,136,206372.77
2025-04-04,1,201,297021.08
2025-04-05,1,215,333522.01
2025-04-06,1,131,201224.02
2025-04-07,1,0,0.0
2025-04-08,1,140,208236.6
2025-04-09,1,111,175419.89
2025-04-10,1,134,204992.57
2025-04-11,1,208,290951.06
2025-04-12,1,232,359596.79
2025-04-13,1,152,215964.73
2025-04-14,1,120,193172.29
2025-04-15,1,111,175247.67
2025-04-16,1,152,231328.76
2025-04-17,1,133,201074.58
2025-04-18,1,214,317662.5
2025-04-18,1,214,317662.5
2025-04-19,1,221,342939.49
2025-04-20,1,171,251788.58
2025-04-21,1,132,200345.93
2025-04-22,1,143,224058.34
2025-04-23,1,132,192515.51
2025-04-24,1,151,219628.02
2025-04-25,1,185,261413.29
2025-04-26,1,211,300095.15
2025-04-28,1,136,211581.75
2025-04-29,1,137,224953.06
2025-04-30,1,152,244841.75
2025-05-01,1,204,282105.43
2025-05-02,1,211,328181.23
2025-05-03,1,234,376866.7
2025-05-04,1,156,228715.9
2025-05-05,1,0,0.0
2025-05-06,1,140,189940.88
2025-05-07,1,146,221940.32
2025-05-08,1,169,240371.55
2025-05-09,1,303,459059.42
2025-05-10,1,229,317706.17
2025-05-11,1,146,225025.71
2025-05-12,1,136,214722.31
2025-05-13,1,123,177414.8
2025-05-14,1,127,179972.86
2025-05-15,1,156,210086.63
2025-05-16,1,206,304911.2
2025-05-17,1,250,364252.14
2025-05-18,1,140,194329.77
2025-05-19,1,122,187192.42
2025-05-20,1,157,230260.76
2025-05-21,1,163,231696.54
2025-05-22,1,161,234895.53
2025-05-23,1,218,344993.44
2025-05-24,1,218,337008.12
2025-05-25,1,141,210129.43
2025-05-26,1,408,631240.89
2025-05-27,1,158,223634.84
2025-05-28,1,157,235881.47
2025-05-29,1,136,205508.24
2025-05-30,1,211,309151.49
2025-05-31,1,242,370990.24
2025-06-01,1,138,199078.08
2025-06-02,1,0,0.0
2025-06-03,1,156,240546.65
2025-06-04,1,170,220391.51
2025-06-05,1,164,261085.21
2025-06-06,1,216,278206.01
2025-06-08,1,176,277887.54
2025-06-09,1,162,239175.38
2025-06-10,1,167,232792.99
2025-06-11,1,161,228647.75
2025-06-12,1,184,290541.42
2025-06-13,1,250,340648.38
2025-06-14,1,227,360273.94
2025-06-15,1,150,224380.95
2025-06-16,1,166,234588.55
2025-06-17,1,147,214163.97
2025-06-18,1,171,243780.31
2025-06-19,1,171,267853.43
2025-06-20,1,250,388987.58
2025-06-21,1,266,366135.45
2025-06-22,1,173,254315.87
2025-06-23,1,148,212622.46
2025-06-24,1,147,235232.22
2025-06-25,1,174,243962.73
2025-06-26,1,156,253542.78
2025-06-27,1,242,362396.2
2025-06-28,1,262,370818.56
2025-06-29,1,167,242159.16
2025-06-30,1,168,242099.34
2025-07-01,1,127,178738.04
2025-07-02,1,172,259226.17
2025-07-03,1,186,262385.82
2025-07-04,1,241,324162.11
2025-07-05,1,213,313491.88
2025-07-06,1,170,233019.17
2025-07-07,1,0,0.0
2025-07-08,1,153,219301.59
2025-07-09,1,173,248438.64
2025-07-10,1,191,316646.72
2025-07-11,1,249,374554.97
2025-07-12,1,254,385703.11
2025-07-13,1,158,216857.45
2025-07-14,1,136,197437.45
2025-07-15,1,151,228951.47
2025-07-16,1,159,226590.15
2025-07-17,1,159,249578.24
2025-07-19,1,276,408114.46
2025-07-20,1,150,218502.58
2025-07-21,1,125,189046.85
2025-07-22,1,162,235341.33
2025-07-23,1,164,242690.47
2025-07-24,1,186,275725.35
2025-07-25,1,222,320994.22
2025-07-26,1,237,364227.96
2025-07-27,1,187,283863.4
2025-07-28,1,157,234458.88
2025-07-29,1,163,239293.87
2025-07-30,1,156,243507.64
2025-07-31,1,160,237186.61
2025-08-01,1,221,326455.27
2025-08-02,1,264,398078.3
2025-08-03,1,164,267778.69
2025-08-04,1,0,0.0
2025-08-05,1,159,247859.53
2025-08-06,1,167,227875.71
2025-08-07,1,156,236555.95
2025-08-08,1,219,355416.73
2025-08-09,1,247,379664.08
2025-08-10,1,159,240543.41
2025-08-11,1,130,189611.47
2025-08-12,1,131,196805.28
2025-08-13,1,154,228106.94
2025-08-14,1,171,246615.35
2025-08-15,1,249,368125.61
2025-08-16,1,248,375708.25
2025-08-17,1,159,229524.2
2025-08-18,1,157,226194.86
2025-08-19,1,146,204600.55
2025-08-20,1,154,235557.24
2025-08-21,1,181,279004.61
2025-08-22,1,221,335362.1
2025-08-23,1,210,330574.21
2025-08-24,1,172,259135.99
2025-08-25,1,118,180503.52
2025-08-26,1,176,268041.27
2025-08-27,1,151,225465.68
2025-08-28,1,153,223488.94
2025-08-29,1,214,358578.91
2025-08-30,1,248,363687.98
2025-08-31,1,167,242297.19
2025-09-01,1,0,0.0
2025-09-02,1,144,218737.23
2025-09-03,1,160,223720.91
2025-09-04,1,184,291936.05
2025-09-05,1,239,356815.53
2025-09-06,1,228,323521.05
2025-09-07,1,154,245146.73
2025-09-08,1,151,233697.78
2025-09-09,1,161,226703.36
2025-09-10,1,179,293450.82
2025-09-12,1,231,346323.4
2025-09-13,1,261,423899.52
2025-09-14,1,164,247967.19
2025-09-15,1,115,172257.95
2025-09-16,1,143,207533.91
2025-09-17,1,173,267160.4
2025-09-18,1,171,262685.85
2025-09-19,1,240,360264.34
2025-09-20,1,242,348941.23
2025-09-21,1,154,232505.57
2025-09-22,1,148,221226.58
2025-09-23,1,146,204874.59
2025-09-24,1,158,220185.31
2025-09-25,1,145,223733.7
2025-09-26,1,213,280525.0
2025-09-27,1,218,330375.77
2025-09-28,1,145,212362.5
2025-09-29,1,147,235405.61
2025-09-30,1,143,209272.31
2025-10-01,1,165,255797.16
2025-10-02,1,175,257341.86
2025-10-03,1,193,291151.2
2025-10-04,1,251,390629.63
2025-10-05,1,135,197870.37
2025-10-06,1,0,0.0
2025-10-07,1,153,218375.95
2025-10-08,1,150,228338.7
2025-10-09,1,166,260755.94
2025-10-10,1,209,324018.7
2025-10-11,1,258,425918.04
2025-10-12,1,140,202134.95
2025-10-13,1,132,184806.54
2025-10-14,1,130,185542.28
2025-10-15,1,146,226352.58
2025-10-16,1,150,230671.94
2025-10-17,1,221,333199.24
2025-10-18,1,216,306309.39
2025-10-19,1,138,215091.21
2025-10-20,1,132,186239.19
2025-10-21,1,113,179612.26
2025-10-22,1,150,259555.96
2025-10-23,1,148,226105.1
2025-10-24,1,219,338218.54
2025-10-25,1,196,286843.5
2025-10-26,1,141,193197.76
2025-10-27,1,114,165923.62
2025-10-28,1,144,204513.43
2025-10-29,1,134,186971.22
2025-10-30,1,142,232156.14
2025-10-31,1,208,316285.82
2025-11-01,1,212,324094.7
2025-11-02,1,144,212688.21
2025-11-03,1,0,0.0
2025-11-04,1,576,906689.73
2025-11-05,1,164,245602.57
2025-11-06,1,145,223348.55
2025-11-07,1,187,277764.47
2025-11-08,1,216,318504.27
2025-11-09,1,153,213910.42
2025-11-10,1,144,195662.44
2025-11-11,1,138,204310.46
2025-11-12,1,135,203072.84
2025-11-13,1,177,248964.01
2025-11-14,1,212,317452.32
2025-11-15,1,215,323367.93
2025-11-16,1,145,195272.97
2025-11-17,1,113,161919.08
2025-11-18,1,162,247998.98
2025-11-19,1,171,261512.37
2025-11-20,1,153,216636.16
2025-11-21,1,187,282731.06
2025-11-22,1,194,306262.82
2025-11-23,1,136,212082.14
2025-11-25,1,135,197816.74
2025-11-26,1,151,219483.65
2025-11-28,1,190,287793.84
2025-11-29,1,217,335906.44
2025-11-30,1,152,229508.33
2025-12-01,1,0,0.0
2025-12-02,1,138,207981.35
2025-12-03,1,117,182522.5
2025-12-04,1,132,206811.59
2025-12-05,1,200,288171.6
2025-12-06,1,236,323399.92
2025-12-07,1,148,239811.22
2025-12-08,1,130,197518.55
2025-12-09,1,131,180356.98
2025-12-10,1,134,193952.63
2025-12-11,1,154,240089.42
2025-12-12,1,158,233708.89
2025-12-13,1,230,336279.06
2025-12-14,1,145,233280.82
2025-12-15,1,182,259072.37
2025-12-16,1,173,249347.88
2025-12-17,1,176,266805.1
2025-12-18,1,184,281441.22
2025-12-19,1,237,364432.88
2025-12-20,1,253,397190.69
2025-12-21,1,171,259059.46
2025-12-22,1,134,205978.98
2025-12-23,1,169,250235.72
2025-12-24,1,160,240753.56
2025-12-26,1,248,376022.42
2025-12-27,1,248,386650.37
2025-12-28,1,164,252923.94
2025-12-29,1,174,261577.67
2025-12-30,1,165,237686.91
2025-12-31,1,285,428948.92
2026-01-01,1,80,119832.01
2026-01-02,1,226,342290.29
2026-01-03,1,269,450565.18
2026-01-04,1,164,239641.22
2026-01-05,1,0,0.0
2026-01-06,1,158,250005.58
2026-01-07,1,171,257759.96
2026-01-08,1,198,333827.5
2026-01-09,1,203,298798.41
2026-01-10,1,206,314047.97
2026-01-12,1,116,170968.45
2026-01-13,1,133,201998.63
2026-01-14,1,128,200298.86
2026-01-15,1,161,245383.97
2026-01-16,1,205,327481.26
2026-01-17,1,189,282157.06
2026-01-18,1,122,179985.76
2026-01-20,1,135,206531.26
2026-01-21,1,124,179427.75
2026-01-22,1,138,199937.66
2026-01-23,1,199,284756.93
2026-01-24,1,224,352108.59
2026-01-25,1,136,200317.0
2026-01-26,1,124,187188.25
2026-01-27,1,113,168962.62
2026-01-28,1,138,214711.1
2026-01-29,1,142,204170.4
2026-01-30,1,209,297085.73
2026-01-31,1,206,312484.9
2026-02-01,1,149,230317.64
2026-02-02,1,0,0.0
2026-02-03,1,118,169979.36
2026-02-04,1,122,189305.17
2026-02-05,1,447,646020.12
2026-02-06,1,165,241129.38
2026-02-07,1,208,297616.43
2026-02-08,1,153,244927.18
2026-02-09,1,112,173405.89
2026-02-10,1,145,224179.82
2026-02-11,1,154,245863.94
2026-02-12,1,146,252069.34
2026-02-13,1,186,256146.74
2026-02-14,1,341,492960.36
2026-02-15,1,141,205083.3
2026-02-16,1,116,166753.11
2026-02-17,1,144,204670.07
2026-02-18,1,123,181756.31
2026-02-19,1,138,194783.48
2026-02-20,1,195,297441.27
2026-02-21,1,196,294760.95
2026-02-22,1,142,218185.06
2026-02-23,1,183,281557.78
2026-02-24,1,126,194785.19
2026-02-25,1,137,201698.82
2026-02-26,1,155,258513.37
2026-02-27,1,216,327820.13
2026-02-28,1,168,229592.24
2026-03-01,1,149,212574.52
2026-03-02,1,0,0.0
2026-03-03,1,147,220691.2
2026-03-04,1,148,220652.07
2026-03-05,1,146,213930.34
2026-03-06,1,196,325097.8
2026-03-08,1,273,424640.03
2026-03-09,1,119,170380.63
2026-03-10,1,138,196912.91
2026-03-11,1,172,258475.23
2026-03-12,1,145,219389.61
2026-03-13,1,192,262472.13
2026-03-14,1,210,312172.93
2026-03-15,1,138,207145.7
2026-03-16,1,121,179557.99
2026-03-17,1,156,224674.25
2026-03-18,1,145,211710.99
2026-03-19,1,153,227479.49
2026-03-20,1,214,322460.65
2026-03-21,1,204,315394.64
2026-03-22,1,134,212161.49
2026-03-23,1,119,175892.18
2026-03-24,1,153,224324.85
2026-03-25,1,122,187048.69
2026-03-26,1,155,239710.63
2026-03-27,1,216,317041.76
2026-03-28,1,230,358907.28
2026-03-29,1,150,236294.68
2026-03-31,1,134,219690.77
2026-04-01,1,171,245625.46
2026-04-02,1,158,237164.75
2026-04-03,1,213,319680.21
2026-04-04,1,229,341819.71
2026-04-05,1,154,223621.43
2026-04-06,1,0,0.0
2026-04-07,1,150,226045.06
2026-04-08,1,152,219406.87
2026-04-09,1,146,219943.66
2026-04-10,1,230,331571.09
2026-04-11,1,224,318024.44
2026-04-12,1,169,256487.19
2026-04-13,1,145,219147.48
2026-04-14,1,147,226979.97
2026-04-15,1,163,272737.15
2026-04-16,1,172,261601.95
2026-04-17,1,234,359617.26
2026-04-18,1,241,342538.47
2026-04-19,1,155,218010.85
2026-04-20,1,139,225671.53
2026-04-21,1,144,206253.17
2026-04-22,1,174,247725.98
2026-04-23,1,173,258993.19
2026-04-24,1,212,316569.17
2026-04-25,1,267,382829.01
2026-04-26,1,145,214208.57
2026-04-27,1,146,232884.01
2026-04-28,1,153,220435.11
2026-04-29,1,162,226643.39
2026-05-01,1,288,442765.57
2026-05-02,1,271,394081.6
2026-05-03,1,167,231446.92
2026-05-04,1,0,0.0
2026-05-05,1,164,245328.05
2026-05-06,1,172,273484.02
2026-05-07,1,176,250665.66
2026-05-08,1,220,328608.36
2026-05-09,1,311,482516.57
2026-05-10,1,166,221050.13
2026-05-11,1,193,304857.55
2026-05-12,1,166,234705.23
2026-05-13,1,175,266893.81
2026-05-14,1,178,270313.61
2026-05-15,1,277,438654.43
2026-05-21,1,184,282670.36
2026-05-22,1,244,380734.26
2026-05-23,1,258,398954.46
2026-05-24,1,161,238926.44
2026-05-25,1,190,259867.62
2026-05-26,1,182,266852.94
2026-05-27,1,158,241985.68
2026-05-28,1,187,265615.92
2026-05-29,1,254,393217.59
2026-05-30,1,262,411261.5
2026-05-31,1,171,258132.24
2026-06-01,1,0,0.0
2026-06-02,1,179,251878.42
2026-06-03,1,202,332966.63
2026-06-05,1,233,316491.5
2026-06-06,1,254,405273.34
2026-06-07,1,163,244663.33
2026-06-08,1,146,231439.56
2026-06-09,1,190,288974.11
2026-06-10,1,184,282401.22
2026-06-11,1,203,310077.28
2026-06-12,1,292,453544.47
2026-06-13,1,256,430313.53
2026-06-14,1,209,329096.06
2026-06-15,1,171,237012.22
2026-06-16,1,157,240818.61
2026-06-17,1,187,296974.94
2026-06-18,1,189,301071.31
2026-06-19,1,262,384705.98
2026-06-20,1,305,484939.48
2026-06-21,1,162,254537.6
2026-06-22,1,162,276355.29
2026-06-23,1,170,245614.56
2026-06-24,1,182,266161.1
2026-06-25,1,189,279193.8
2026-06-26,1,258,377629.51
2026-06-27,1,281,403154.05
2026-06-28,1,203,265214.07
2026-06-29,1,168,246581.88
2026-06-30,1,170,259753.07
2026-07-01,1,200,292692.15
2026-07-02,1,188,310652.87
2026-07-03,1,249,373749.88
2026-07-04,1,292,467206.04
2026-07-05,1,194,294828.63
2026-07-06,1,0,0.0
2026-07-07,1,157,238811.13
2026-07-08,1,189,303581.88
2026-07-09,1,215,323403.28
2026-07-10,1,238,365966.51
2026-07-11,1,266,406375.68
2026-07-12,1,203,300142.34
2026-07-13,1,172,263277.52
2026-07-14,1,169,283463.43
2026-07-15,1,168,248615.93
2026-07-16,1,187,286445.12
2026-07-17,1,259,413716.98
2026-07-18,1,246,390648.94
2026-07-19,1,197,295673.16
2026-07-20,1,177,235673.04
2026-07-21,1,189,290919.69
2026-07-22,1,179,240297.37
2026-07-23,1,194,313193.16
2026-07-24,1,244,369114.55
2026-07-25,1,268,422604.09
2026-07-26,1,167,239452.09
2026-07-27,1,157,217910.74
2026-07-28,1,164,249228.28
2026-07-29,1,210,314471.19
2026-07-30,1,201,294180.34
2026-07-31,1,271,408224.39
2026-08-01,1,249,428928.31
2026-08-02,1,184,287760.1
2026-08-03,1,0,0.0
2026-08-04,1,176,275378.34
2026-08-05,1,165,266502.52
2026-08-06,1,208,309048.93
2026-08-07,1,279,377639.04
2026-08-08,1,271,402685.0
2026-08-09,1,188,293680.92
2026-08-10,1,158,225782.04
2026-08-11,1,165,245327.07
2026-08-12,1,170,246330.73
2026-08-13,1,225,363822.81
2026-08-14,1,272,423578.99
2026-08-15,1,258,399814.91
2026-08-16,1,197,304828.37
2026-08-17,1,184,275486.44
2026-08-18,1,180,272680.23
2026-08-19,1,171,241741.61
2026-08-20,1,231,310617.02
2026-08-21,1,250,377824.61
2026-08-22,1,261,397893.76
2026-08-23,1,193,307544.11
2026-08-24,1,176,285578.2
2026-08-25,1,159,257976.69
2026-08-26,1,195,278262.1
2026-08-27,1,187,275602.74
2026-08-28,1,245,376432.98
2026-08-29,1,255,434121.26
2026-08-30,1,180,290739.28
2026-08-31,1,166,263333.89
2026-09-01,1,166,244218.54
2026-09-02,1,169,242549.02
2026-09-03,1,200,312070.11
2026-09-04,1,248,352080.83
2026-09-05,1,252,373520.31
2026-09-06,1,170,253540.77
2026-09-07,1,0,0.0
2026-09-08,1,159,234307.52
2026-09-09,1,168,223065.76
2026-09-10,1,217,333814.25
2026-09-11,1,233,337495.6
2026-09-12,1,261,392335.39
2026-09-13,1,162,241948.82
2026-09-14,1,168,248574.82
2026-09-15,1,189,294927.38
2026-09-16,1,192,266751.43
2026-09-17,1,178,260186.31
2026-09-18,1,257,398912.9
2026-09-19,1,274,398572.33
2026-09-20,1,193,267124.53
2026-09-21,1,165,255913.21
2026-09-22,1,175,277662.35
2026-09-23,1,156,233474.15
2026-09-24,1,184,250224.52
2026-09-25,1,245,380703.86
2026-09-26,1,248,342372.55
2026-09-27,1,180,274201.14
2026-09-28,1,141,202320.24
2026-09-28,1,141,202320.24
2026-09-29,1,157,222231.35
2026-09-30,1,152,223017.47
2025-03-01,2,60,119247.17
2025-03-02,2,53,97105.65
2025-03-03,2,0,0.0
2025-03-05,2,53,97568.53
2025-03-06,2,50,94158.45
2025-03-07,2,60,118402.2
2025-03-08,2,127,238571.71
2025-03-09,2,52,96376.4
2025-03-10,2,37,69604.57
2025-03-11,2,58,103410.26
2025-03-12,2,61,118223.79
2025-03-13,2,48,83405.86
2025-03-14,2,101,187685.62
2025-03-15,2,99,195379.34
2025-03-16,2,59,113811.52
2025-03-17,2,60,117414.98
2025-03-18,2,51,96585.37
2025-03-19,2,61,122880.83
2025-03-20,2,63,125364.26
2025-03-21,2,73,141828.75
2025-03-22,2,85,169166.33
2025-03-23,2,53,104550.16
2025-03-24,2,57,105946.26
2025-03-25,2,52,92379.28
2025-03-26,2,61,118361.78
2025-03-27,2,82,160112.64
2025-03-28,2,102,204660.05
2025-03-29,2,103,186749.25
2025-03-30,2,71,128922.6
2025-03-31,2,79,153591.54
2025-04-01,2,71,134420.83
2025-04-02,2,68,117574.66
2025-04-03,2,69,133582.04
2025-04-04,2,97,167996.6
2025-04-05,2,136,246471.4
2025-04-06,2,66,134167.99
2025-04-07,2,0,0.0
2025-04-08,2,62,110853.05
2025-04-09,2,71,132696.45
2025-04-10,2,79,150420.22
2025-04-11,2,108,224313.91
2025-04-12,2,113,209473.71
2025-04-13,2,52,96472.06
2025-04-14,2,72,147814.23
2025-04-15,2,71,132395.59
2025-04-16,2,80,157589.04
2025-04-17,2,63,111177.88
2025-04-18,2,100,188380.23
2025-04-19,2,112,195854.67
2025-04-20,2,83,149593.68
2025-04-21,2,72,142662.27
2025-04-22,2,67,126982.75
2025-04-23,2,63,117805.31
2025-04-24,2,80,146414.7
2025-04-25,2,107,201069.36
2025-04-26,2,85,163949.88
2025-04-28,2,74,123305.08
2025-04-29,2,87,158566.48
2025-04-30,2,79,151298.78
2025-05-01,2,102,192844.38
2025-05-02,2,101,195809.69
2025-05-03,2,112,215665.75
2025-05-04,2,83,155314.35
2025-05-04,2,83,155314.35
2025-05-05,2,0,0.0
2025-05-06,2,71,133254.21
2025-05-07,2,66,132813.48
2025-05-08,2,100,183171.65
2025-05-09,2,149,282212.37
2025-05-10,2,123,235852.2
2025-05-11,2,93,191037.73
2025-05-12,2,80,149734.71
2025-05-13,2,81,161457.73
2025-05-14,2,78,157616.0
2025-05-15,2,95,179925.53
2025-05-16,2,122,229370.59
2025-05-17,2,138,257921.4
2025-05-23,2,119,215422.86
2025-05-24,2,146,308781.17
2025-05-25,2,88,165719.97
2025-05-26,2,80,146224.33
2025-05-27,2,79,161234.0
2025-05-28,2,89,171499.56
2025-05-29,2,91,177971.09
2025-05-30,2,130,245300.99
2025-05-31,2,142,265535.17
2025-06-01,2,77,145064.72
2025-06-02,2,0,0.0
2025-06-03,2,228,431299.68
2025-06-04,2,81,156194.92
2025-06-05,2,115,239681.07
2025-06-06,2,138,263329.88
2025-06-07,2,145,245152.09
2025-06-08,2,86,162633.94
2025-06-09,2,84,183029.23
2025-06-10,2,81,160713.19
2025-06-11,2,96,175152.61
2025-06-12,2,129,252452.12
2025-06-13,2,113,206880.44
2025-06-14,2,126,223731.22
2025-06-15,2,102,190453.53
2025-06-16,2,81,154605.91
2025-06-17,2,81,140147.48
2025-06-18,2,80,143512.56
2025-06-19,2,104,197702.14
2025-06-20,2,123,228978.84
2025-06-21,2,138,267427.4
2025-06-22,2,84,150195.42
2025-06-23,2,72,141772.79
2025-06-24,2,92,164754.17
2025-06-25,2,76,156761.25
2025-06-26,2,86,149966.7
2025-06-27,2,122,219476.95
2025-06-28,2,126,244448.42
2025-06-29,2,92,189967.71
2025-06-30,2,74,142832.29
2025-07-01,2,97,189560.41
2025-07-02,2,105,199675.01
2025-07-03,2,110,198544.71
2025-07-04,2,134,248436.37
2025-07-05,2,144,257513.39
2025-07-06,2,78,139021.31
2025-07-07,2,0,0.0
2025-07-08,2,77,138310.4
2025-07-09,2,106,204643.75
2025-07-10,2,105,186927.92
2025-07-11,2,133,256472.68
2025-07-12,2,130,241037.91
2025-07-13,2,79,161036.74
2025-07-14,2,86,166066.3
2025-07-15,2,79,159667.08
2025-07-16,2,98,179296.17
2025-07-17,2,117,222924.91
2025-07-18,2,141,255075.46
2025-07-19,2,153,284749.98
2025-07-20,2,96,180025.2
2025-07-21,2,87,159408.34
2025-07-22,2,69,123369.66
2025-07-23,2,79,139857.76
2025-07-24,2,93,157191.68
2025-07-25,2,117,210863.39
2025-07-26,2,146,286241.31
2025-07-27,2,86,150848.54
2025-07-28,2,81,143724.3
2025-07-29,2,81,168316.81
2025-07-30,2,92,169324.61
2025-07-31,2,108,208520.51
2025-08-01,2,119,233479.26
2025-08-02,2,137,269067.19
2025-08-03,2,98,172553.21
2025-08-04,2,0,0.0
2025-08-05,2,84,147195.16
2025-08-06,2,101,216868.31
2025-08-07,2,96,168419.57
2025-08-08,2,118,212756.11
2025-08-09,2,128,230869.84
2025-08-10,2,300,528902.1000000001
2025-08-11,2,79,160602.35
2025-08-12,2,96,205886.38
2025-08-13,2,96,178112.37
2025-08-14,2,104,184975.55
2025-08-15,2,125,212368.15
2025-08-16,2,131,245880.53
2025-08-17,2,89,166446.18
2025-08-18,2,79,145290.75
2025-08-19,2,104,199799.34
2025-08-20,2,95,184101.9
2025-08-21,2,83,160268.2
2025-08-22,2,119,222554.3
2025-08-24,2,80,157145.51
2025-08-25,2,82,155897.51
2025-08-26,2,87,172807.78
2025-08-27,2,77,152195.07
2025-08-28,2,99,175192.55
2025-08-29,2,129,228139.02
2025-08-30,2,131,239672.68
2025-08-31,2,87,156796.49
2025-09-01,2,0,0.0
2025-09-02,2,303,585901.8
2025-09-03,2,96,192705.15
2025-09-04,2,95,184114.0
2025-09-05,2,123,236150.83
2025-09-06,2,125,252182.77
2025-09-07,2,78,151721.88
2025-09-08,2,61,116295.32
2025-09-09,2,89,182092.16
2025-09-10,2,85,162432.77
2025-09-11,2,96,179645.43
2025-09-12,2,125,227756.36
2025-09-13,2,138,271580.57
2025-09-14,2,83,167762.12
2025-09-15,2,71,134559.22
2025-09-16,2,92,186613.24
2025-09-17,2,82,141185.18
2025-09-18,2,87,164842.31
2025-09-19,2,109,206685.23
2025-09-20,2,132,241847.19
2025-09-21,2,76,162679.22
2025-09-22,2,64,121198.21
2025-09-23,2,75,139624.33
2025-09-24,2,82,156002.38
2025-09-25,2,93,159862.28
2025-09-26,2,119,217670.83
2025-09-27,2,130,259446.45
2025-09-28,2,90,165706.19
2025-09-29,2,82,149475.03
2025-09-30,2,84,170399.72
2025-10-02,2,72,140382.32
2025-10-03,2,97,180153.45
2025-10-04,2,115,215899.38
2025-10-05,2,80,146009.69
2025-10-06,2,0,0.0
2025-10-07,2,84,151479.43
2025-10-08,2,95,175007.36
2025-10-09,2,81,146140.28
2025-10-10,2,99,173953.58
2025-10-11,2,129,247803.58
2025-10-12,2,68,130724.41
2025-10-13,2,69,142736.47
2025-10-14,2,86,158029.9
2025-10-15,2,77,148482.09
2025-10-16,2,108,208433.65
2025-10-17,2,110,206364.16
2025-10-18,2,121,238617.32
2025-10-19,2,82,161957.6
2025-10-20,2,69,133263.84
2025-10-21,2,71,133186.68
2025-10-22,2,85,158638.6
2025-10-23,2,95,168568.65
2025-10-24,2,106,193445.75
2025-10-25,2,126,232069.16
2025-10-26,2,72,129324.07
2025-10-27,2,69,134015.65
2025-10-28,2,84,169440.54
2025-10-29,2,80,145253.05
2025-10-30,2,101,194638.98
2025-10-31,2,127,229140.51
2025-11-01,2,126,235777.76
2025-11-02,2,84,154185.16
2025-11-03,2,0,0.0
2025-11-04,2,82,150600.97
2025-11-05,2,83,165882.14
2025-11-06,2,77,144513.55
2025-11-07,2,107,196802.86
2025-11-08,2,117,208797.01
2025-11-09,2,86,165481.83
2025-11-10,2,79,156971.25
2025-11-11,2,71,136756.21
2025-11-12,2,82,174254.12
2025-11-13,2,75,153060.21
2025-11-14,2,115,215165.96
2025-11-15,2,127,237493.34
2025-11-16,2,70,136160.45
2025-11-17,2,71,129364.35
2025-11-18,2,73,147028.69
2025-11-19,2,63,121883.86
2025-11-20,2,76,146263.56
2025-11-21,2,133,261530.44
2025-11-22,2,121,250581.93
2025-11-23,2,73,139890.66
2025-11-24,2,61,115246.78
2025-11-25,2,68,139323.36
2025-11-26,2,83,165516.69
2025-11-27,2,80,149580.02
2025-11-28,2,95,180546.81
2025-11-29,2,108,207214.43
2025-11-30,2,67,129623.9
2025-12-01,2,0,0.0
2025-12-02,2,64,112574.22
2025-12-03,2,78,141768.18
2025-12-04,2,79,143031.49
2025-12-05,2,90,165582.96
2025-12-06,2,122,239274.27
2025-12-07,2,87,163909.68
2025-12-08,2,75,143906.2
2025-12-09,2,67,119741.03
2025-12-10,2,86,159671.58
2025-12-11,2,87,170225.65
2025-12-12,2,118,230969.61
2025-12-13,2,109,199731.32
2025-12-14,2,67,128333.15
2025-12-15,2,67,142094.01
2025-12-16,2,105,199324.54
2025-12-17,2,83,152327.86
2025-12-18,2,103,194007.1
2025-12-19,2,113,215691.81
2025-12-20,2,121,228168.87
2025-12-20,2,121,228168.87
2025-12-21,2,99,187805.34
2025-12-22,2,96,169699.59
2025-12-23,2,107,193746.61
2025-12-24,2,94,177271.4
2025-12-25,2,79,148864.77
2025-12-26,2,138,254881.34
2025-12-27,2,126,237290.5
2025-12-28,2,84,160087.64
2025-12-29,2,85,168844.1
2025-12-30,2,93,175825.63
2025-12-31,2,137,265546.5
2026-01-01,2,59,109105.06
2026-01-02,2,145,283494.41
2026-01-03,2,118,228451.75
2026-01-04,2,86,170629.07
2026-01-05,2,0,0.0
2026-01-06,2,74,144800.33
2026-01-07,2,86,162597.9
2026-01-08,2,88,169260.28
2026-01-09,2,97,194365.48
2026-01-10,2,121,222525.28
2026-01-11,2,64,117838.68
2026-01-12,2,71,136129.32
2026-01-13,2,74,143549.94
2026-01-14,2,73,133100.97
2026-01-15,2,80,151432.87
2026-01-16,2,93,175871.47
2026-01-17,2,138,234708.32
2026-01-18,2,71,133426.94
2026-01-19,2,79,148923.96
2026-01-20,2,85,160210.81
2026-01-21,2,63,128481.42
2026-01-22,2,75,134095.48
2026-01-23,2,118,215143.96
2026-01-24,2,105,175073.25
2026-01-25,2,62,115001.19
2026-01-26,2,68,126669.26
2026-01-28,2,59,118483.68
2026-01-29,2,75,148765.74
2026-01-30,2,94,179296.62
2026-01-31,2,138,257386.0
2026-02-01,2,79,158002.56
2026-02-02,2,0,0.0
2026-02-03,2,71,129492.15
2026-02-04,2,71,123806.68
2026-02-05,2,84,156116.88
2026-02-06,2,98,193359.96
2026-02-07,2,103,219293.24
2026-02-08,2,79,150563.1
2026-02-09,2,54,98747.9
2026-02-10,2,68,121767.48
2026-02-11,2,78,152346.95
2026-02-12,2,80,139163.53
2026-02-13,2,114,222643.0
2026-02-14,2,183,362210.53
2026-02-15,2,95,184480.68
2026-02-16,2,74,139064.23
2026-02-17,2,56,109448.33
2026-02-18,2,79,151388.39
2026-02-19,2,83,151682.32
2026-02-20,2,101,210501.97
2026-02-21,2,124,231493.43
2026-02-22,2,63,124434.1
2026-02-23,2,95,159940.21
2026-02-24,2,76,153916.58
2026-02-25,2,75,153358.79
2026-02-26,2,82,156032.58
2026-02-27,2,130,253998.13
2026-02-28,2,113,220780.16
2026-03-01,2,79,145352.61
2026-03-02,2,0,0.0
2026-03-03,2,70,127729.87
2026-03-04,2,68,125326.68
2026-03-05,2,83,166841.06
2026-03-06,2,119,237391.4
2026-03-07,2,128,234760.39
2026-03-08,2,101,184988.86
2026-03-09,2,70,128775.34
2026-03-10,2,77,151758.63
2026-03-11,2,84,151816.33
2026-03-12,2,79,152801.15
2026-03-13,2,114,224841.27
2026-03-14,2,114,215646.41
2026-03-15,2,85,169865.73
2026-03-16,2,61,114149.87
2026-03-17,2,89,167301.48
2026-03-18,2,92,166464.18
2026-03-19,2,85,169926.16
2026-03-20,2,111,202969.98
2026-03-21,2,115,222354.87
2026-03-22,2,97,183643.99
2026-03-23,2,64,115364.63
2026-03-24,2,78,143754.58
2026-03-25,2,80,162881.69
2026-03-25,2,80,162881.69
2026-03-26,2,75,143944.08
2026-03-27,2,151,272782.89
2026-03-28,2,104,200639.79
2026-03-29,2,88,165982.94
2026-03-30,2,74,167104.82
2026-03-31,2,90,173455.27
2026-04-01,2,83,154727.15
2026-04-02,2,88,179503.03
2026-04-03,2,121,209682.11
2026-04-04,2,126,240531.68
2026-04-05,2,78,163740.71
2026-04-06,2,0,0.0
2026-04-07,2,91,158546.57
2026-04-08,2,89,165785.43
2026-04-09,2,78,159379.57
2026-04-10,2,100,193606.46
2026-04-11,2,147,267827.65
2026-04-12,2,87,159732.39
2026-04-13,2,60,110853.94
2026-04-14,2,76,147031.54
2026-04-15,2,79,160486.78
2026-04-16,2,66,132175.39
2026-04-17,2,134,260471.72
2026-04-18,2,135,239977.8
2026-04-19,2,82,145791.35
2026-04-20,2,82,160009.91
2026-04-21,2,81,143887.18
2026-04-22,2,94,176597.0
2026-04-23,2,95,183265.94
2026-04-24,2,119,213598.41
2026-04-25,2,133,240084.25
2026-04-26,2,89,168306.08
2026-04-27,2,95,185103.16
2026-04-28,2,82,164292.61
2026-04-29,2,99,193896.87
2026-04-30,2,99,188794.02
2026-05-01,2,167,305679.74
2026-05-02,2,122,219714.63
2026-05-03,2,91,168539.4
2026-05-04,2,0,0.0
2026-05-06,2,96,164220.0
2026-05-07,2,92,168066.31
2026-05-08,2,122,246189.19
2026-05-09,2,184,350987.42
2026-05-10,2,90,159303.81
2026-05-11,2,85,181688.96
2026-05-12,2,101,191622.5
2026-05-13,2,94,182065.29
2026-05-14,2,97,188018.64
2026-05-15,2,127,236905.47
2026-05-16,2,120,219854.72
2026-05-17,2,92,194362.74
2026-05-18,2,68,135846.0
2026-05-19,2,97,192031.94
2026-05-20,2,70,136888.07
2026-05-21,2,96,173475.47
2026-05-22,2,135,273418.93
2026-05-23,2,129,234982.17
2026-05-24,2,81,156095.4
2026-05-25,2,95,166294.66
2026-05-26,2,101,173283.93
2026-05-27,2,88,169882.2
2026-05-28,2,84,153272.25
2026-05-29,2,144,247697.64
2026-05-30,2,135,263527.87
2026-05-31,2,88,185897.37
2026-06-01,2,0,0.0
2026-06-04,2,115,228416.64
2026-06-05,2,145,291399.17
2026-06-06,2,155,289484.63
2026-06-07,2,103,196034.71
2026-06-08,2,79,152373.15
2026-06-09,2,85,166035.06
2026-06-10,2,105,198176.97
2026-06-11,2,108,203971.62
2026-06-12,2,169,344035.28
2026-06-13,2,140,282583.01
2026-06-14,2,112,217940.76
2026-06-15,2,82,169784.26
2026-06-16,2,99,184500.37
2026-06-17,2,105,216364.16
2026-06-18,2,111,216699.12
2026-06-19,2,148,331165.24
2026-06-20,2,172,307884.36
2026-06-22,2,86,166857.65
2026-06-23,2,110,213192.59
2026-06-24,2,84,175946.09
2026-06-25,2,92,169054.94
2026-06-26,2,140,278311.85
2026-06-27,2,149,300042.26
2026-06-28,2,100,196813.48
2026-06-29,2,82,148490.85
2026-06-30,2,95,193662.84
2026-07-01,2,96,193963.18
2026-07-02,2,108,211444.88
2026-07-03,2,151,289846.39
2026-07-04,2,151,290161.92
2026-07-05,2,100,189253.48
2026-07-06,2,0,0.0
2026-07-07,2,102,194101.93
2026-07-08,2,107,194855.15
2026-07-09,2,96,173083.22
2026-07-10,2,147,268992.81
2026-07-11,2,120,230546.42
2026-07-12,2,93,176462.01
2026-07-13,2,79,151724.89
2026-07-14,2,86,167543.3
2026-07-15,2,92,169402.31
2026-07-16,2,97,198313.25
2026-07-17,2,122,228717.91
2026-07-18,2,163,303060.59
2026-07-19,2,89,173228.16
2026-07-20,2,100,173330.22
2026-07-21,2,84,153414.58
2026-07-22,2,88,175606.26
2026-07-23,2,99,172449.19
2026-07-24,2,131,263204.14
2026-07-25,2,139,284827.76
2026-07-26,2,92,171600.6
2026-07-27,2,80,154234.04
2026-07-28,2,99,198925.04
2026-07-30,2,92,182551.3
2026-07-31,2,130,238848.84
2026-08-01,2,150,278274.79
2026-08-02,2,81,147870.4
2026-08-03,2,0,0.0
2026-08-04,2,86,173139.85
2026-08-05,2,111,208967.44
2026-08-06,2,105,187213.89
2026-08-07,2,111,199786.39
2026-08-08,2,139,269362.43
2026-08-09,2,95,197934.59
2026-08-10,2,98,189901.9
2026-08-11,2,98,182632.61
2026-08-12,2,115,227032.96
2026-08-13,2,106,199002.63
2026-08-14,2,148,275931.29
2026-08-15,2,157,284341.71
2026-08-16,2,122,248712.44
2026-08-17,2,91,152284.88
2026-08-18,2,109,215528.84
2026-08-19,2,98,181932.21
2026-08-20,2,94,174972.99
2026-08-21,2,144,297758.56
2026-08-22,2,132,242002.79
2026-08-23,2,108,198339.79
2026-08-24,2,70,132135.7
2026-08-25,2,83,160997.18
2026-08-26,2,90,167263.56
2026-08-27,2,84,147522.06
2026-08-28,2,130,236536.71
2026-08-29,2,141,285625.2
2026-08-31,2,101,196277.36
2026-09-01,2,74,138774.17
2026-09-02,2,95,174645.1
2026-09-03,2,104,214889.35
2026-09-04,2,137,257862.17
2026-09-05,2,152,282468.18
2026-09-06,2,100,200704.0
2026-09-07,2,0,0.0
2026-09-08,2,106,195499.26
2026-09-09,2,94,178691.53
2026-09-10,2,124,235603.18
2026-09-11,2,124,238678.16
2026-09-12,2,129,272121.8
2026-09-13,2,94,181628.08
2026-09-14,2,86,145081.91
2026-09-15,2,85,164156.48
2026-09-16,2,87,165613.37
2026-09-17,2,102,194221.49
2026-09-18,2,150,288526.39
2026-09-19,2,140,265618.85
2026-09-20,2,93,176235.78
2026-09-21,2,79,154772.14
2026-09-22,2,84,155332.29
2026-09-23,2,96,173958.67
2026-09-24,2,104,229851.59
2026-09-25,2,127,232815.92
2026-09-26,2,144,274973.39
2026-09-27,2,84,148099.99
2026-09-28,2,98,187287.48
2026-09-29,2,84,152323.94
2026-09-30,2,88,163541.54
